{
   "total_time": 23629.39912700653,
   "best_auc": 0.9916286149162862,
   "loss_history": {
      "1": 0.2883259412610005,
      "2": 0.033986418352418404
   },
   "auc_history": {
      "1": 0.8904109589041096,
      "2": 0.9916286149162862
   },
   "plato_cnt": 0,
   "last_iteration_loss": 0.033986418352418404,
   "epoch_num": 2
}